ID,pos,ref,alt,outer_tm
test_seq_1,10,A,T,60.5
test_seq_1,15,C,G,62.0
test_seq_1,20,T,A,61.2
test_seq_1,25,G,C,59.8
test_seq_1,30,A,G,63.1
test_seq_1,35,C,T,58.9
test_seq_1,40,T,C,61.7
test_seq_1,45,G,A,62.3
test_seq_1,50,A,C,59.4
test_seq_1,55,C,G,60.8
test_seq_2,5,G,A,58.7
test_seq_2,12,T,C,61.3
test_seq_2,18,C,T,59.9
test_seq_2,24,A,G,62.5
test_seq_2,31,G,T,60.8
test_seq_2,37,T,A,58.3
test_seq_2,43,C,G,61.9
test_seq_2,49,A,T,62.1
test_seq_2,55,G,C,59.6
test_seq_2,61,T,G,60.4
test_seq_3,8,C,A,57.9
test_seq_3,14,T,G,61.7
test_seq_3,22,A,C,62.9
test_seq_3,28,G,A,58.3
test_seq_3,35,C,T,63.4
test_seq_3,41,A,G,59.1
test_seq_3,47,T,C,61.5
test_seq_3,53,G,T,62.7
test_seq_3,59,C,A,58.6
test_seq_3,65,T,G,60.9
test_seq_4,3,A,T,59.1
test_seq_4,9,G,C,61.2
test_seq_4,16,T,A,60.6
test_seq_4,23,C,G,62.8
test_seq_4,30,A,C,58.9
test_seq_4,36,G,T,61.4
test_seq_4,42,C,A,62.0
test_seq_4,48,A,G,59.3
test_seq_4,54,T,C,60.7
test_seq_4,60,G,A,63.2
test_seq_5,7,T,C,57.5
test_seq_5,13,G,T,62.1
test_seq_5,19,C,A,61.4
test_seq_5,26,A,T,59.7
test_seq_5,33,G,C,63.0
test_seq_5,39,T,A,58.5
test_seq_5,45,C,G,61.8
test_seq_5,51,A,C,62.4
test_seq_5,57,G,T,59.8
test_seq_5,63,T,G,60.3
test_seq_6,4,C,G,58.2
test_seq_6,11,A,G,61.9
test_seq_6,17,T,C,60.3
test_seq_6,25,G,A,62.7
test_seq_6,32,C,T,59.4
test_seq_6,38,A,G,61.1
test_seq_6,44,T,C,62.8
test_seq_6,50,G,A,58.7
test_seq_6,56,C,T,60.5
test_seq_6,62,A,G,63.1
test_seq_7,6,G,A,57.8
test_seq_7,12,T,G,61.6
test_seq_7,20,C,A,62.3
test_seq_7,27,A,C,58.6
test_seq_7,34,T,G,63.2
test_seq_7,40,G,T,59.2
test_seq_7,46,C,A,61.3
test_seq_7,52,A,G,62.9
test_seq_7,58,T,C,60.1
test_seq_7,64,G,A,58.4
test_seq_8,2,A,T,59.3
test_seq_8,8,C,G,61.1
test_seq_8,15,G,C,60.7
test_seq_8,22,T,A,62.4
test_seq_8,29,A,G,58.8
test_seq_8,35,C,T,61.0
test_seq_8,41,G,A,62.6
test_seq_8,47,T,C,59.5
test_seq_8,53,A,T,60.9
test_seq_8,59,C,G,63.3
test_seq_9,9,T,C,57.6
test_seq_9,16,G,T,62.2
test_seq_9,23,C,A,61.5
test_seq_9,30,A,T,59.8
test_seq_9,37,G,C,63.3
test_seq_9,43,T,A,58.1
test_seq_9,49,C,G,61.7
test_seq_9,55,A,C,62.5
test_seq_9,61,G,T,60.0
test_seq_9,67,T,C,59.9
test_seq_10,5,C,G,58.4
test_seq_10,12,A,G,61.8
test_seq_10,19,T,C,60.4
test_seq_10,26,G,A,62.6
test_seq_10,33,C,T,59.5
test_seq_10,39,A,G,61.2
test_seq_10,45,T,C,62.0
test_seq_10,51,G,A,58.3
test_seq_10,57,C,T,60.6
test_seq_10,63,A,G,63.0
